<?xml version="1.0" encoding="UTF-8"?>
<!DOCTYPE generatorConfiguration
  PUBLIC "-//mybatis.org//DTD MyBatis Generator Configuration 1.0//EN"
  "http://mybatis.org/dtd/mybatis-generator-config_1_0.dtd">

<generatorConfiguration>
  <context id="mysql" targetRuntime="MyBatis3">
  	<commentGenerator>
  		<property name="suppressDate" value="true"/>
  		<property name="suppressAllComments" value="true"/>
  	</commentGenerator>
  
    <jdbcConnection driverClass="com.mysql.jdbc.Driver"
        connectionURL="jdbc:mysql://localhost:3306/loveyoga?useUnicode=true&amp;characterEncoding=utf-8"
        userId="root"
        password="123456">
    </jdbcConnection>

    <javaTypeResolver >
      <property name="forceBigDecimals" value="false" />
    </javaTypeResolver>

	<!-- 生成实体类的路径 -->
    <javaModelGenerator targetPackage="org.team3.loveyoga.pojo" targetProject="LoveYoga"></javaModelGenerator>
	
	<!-- 生成sql映射文件的路径 -->
    <sqlMapGenerator targetPackage="org.team3.loveyoga.Dao.mapper"  targetProject="LoveYoga"></sqlMapGenerator>

	<!-- 生产dao接口的目录 -->
    <javaClientGenerator type="XMLMAPPER" targetPackage="org.team3.loveyoga.Dao"  targetProject="LoveYoga"></javaClientGenerator>

	<!-- 配置表 -->
	<!-- 登录表 -->
    <table tableName="login" mapperName="LoginDao" domainObjectName="Login"
    enableDeleteByExample="false"
    enableUpdateByExample="false"
    enableSelectByExample="false"
    enableCountByExample="false"
    selectByExampleQueryId="false" ></table>
    
	<!-- 教练信息表 -->
    <table tableName="coach" mapperName="CoachDao" domainObjectName="Coach"
    enableDeleteByExample="false"
    enableUpdateByExample="false"
    enableSelectByExample="false"
    enableCountByExample="false"
    selectByExampleQueryId="false" ></table>
    
    
    <!-- 头像表 -->
    <table tableName="headImg" mapperName="HeadImgDao" domainObjectName="HeadImg"
    enableDeleteByExample="false"
    enableUpdateByExample="false"
    enableSelectByExample="false"
    enableCountByExample="false"
    selectByExampleQueryId="false" ></table>
    
     <!-- 昵称表 -->
    <table tableName="nickname" mapperName="NicknameDao" domainObjectName="Nickname"
    enableDeleteByExample="false"
    enableUpdateByExample="false"
    enableSelectByExample="false"
    enableCountByExample="false"
    selectByExampleQueryId="false" ></table>

    <!-- 角色表 -->
    <table tableName="roles" mapperName="RolesDao" domainObjectName="Roles"
    enableDeleteByExample="false"
    enableUpdateByExample="false"
    enableSelectByExample="false"
    enableCountByExample="false"
    selectByExampleQueryId="false" ></table>
        <!-- 权限表 -->
    <table tableName="permission" mapperName="PermissionDao" domainObjectName="Permission"
    enableDeleteByExample="false"
    enableUpdateByExample="false"
    enableSelectByExample="false"
    enableCountByExample="false"
    selectByExampleQueryId="false" ></table>
        <!-- 银行卡选择表 -->
    <table tableName="cardChoose" mapperName="CardChooseDao" domainObjectName="CardChoose"
    enableDeleteByExample="false"
    enableUpdateByExample="false"
    enableSelectByExample="false"
    enableCountByExample="false"
    selectByExampleQueryId="false" ></table>
        <!-- 签约场馆表 -->
    <table tableName="signGym" mapperName="SignGymDao" domainObjectName="SignGym"
    enableDeleteByExample="false"
    enableUpdateByExample="false"
    enableSelectByExample="false"
    enableCountByExample="false"
    selectByExampleQueryId="false" ></table>
   
        <!-- 教练取现记录表 -->
    <table tableName="cashLog" mapperName="CashLogDao" domainObjectName="CashLog"
    enableDeleteByExample="false"
    enableUpdateByExample="false"
    enableSelectByExample="false"
    enableCountByExample="false"
    selectByExampleQueryId="false" ></table>
    
        <!-- 场馆表 -->
    <table tableName="gym" mapperName="GymDao" domainObjectName="Gym"
    enableDeleteByExample="false"
    enableUpdateByExample="false"
    enableSelectByExample="false"
    enableCountByExample="false"
    selectByExampleQueryId="false" ></table>
    
        <!-- 招聘表 -->
    <table tableName="recruiting" mapperName="RecruitingDao" domainObjectName="Recruiting"
    enableDeleteByExample="false"
    enableUpdateByExample="false"
    enableSelectByExample="false"
    enableCountByExample="false"
    selectByExampleQueryId="false" ></table>
    
     <!-- 产品表 -->
    <table tableName="product" mapperName="ProductDao" domainObjectName="Product"
    enableDeleteByExample="false"
    enableUpdateByExample="false"
    enableSelectByExample="false"
    enableCountByExample="false"
    selectByExampleQueryId="false" ></table>
    
    <!-- 好友表 -->
    <table tableName="friend" mapperName="FriendDao" domainObjectName="Friend"
    enableDeleteByExample="false"
    enableUpdateByExample="false"
    enableSelectByExample="false"
    enableCountByExample="false"
    selectByExampleQueryId="false" ></table>
    
    <!-- 用户角色表 -->
    <table tableName="userRole" mapperName="UserRoleDao" domainObjectName="UserRole"
    enableDeleteByExample="false"
    enableUpdateByExample="false"
    enableSelectByExample="false"
    enableCountByExample="false"
    selectByExampleQueryId="false" ></table>
    
        <!-- 角色权限表 -->
    <table tableName="rolePermission" mapperName="RolePermissionDao" domainObjectName="RolePermission"
    enableDeleteByExample="false"
    enableUpdateByExample="false"
    enableSelectByExample="false"
    enableCountByExample="false"
    selectByExampleQueryId="false" ></table>
        <!-- 充值记录表 -->
    <table tableName="consumeLog" mapperName="ConsumeLogDao" domainObjectName="ConsumeLog"
    enableDeleteByExample="false"
    enableUpdateByExample="false"
    enableSelectByExample="false"
    enableCountByExample="false"
    selectByExampleQueryId="false" ></table>
    <!-- 学员信息表 -->
    <table tableName="student" mapperName="StudentDao" domainObjectName="Student"
    enableDeleteByExample="false"
    enableUpdateByExample="false"
    enableSelectByExample="false"
    enableCountByExample="false"
    selectByExampleQueryId="false" ></table>
    
        <!-- 教练课程表 -->
    <table tableName="coachCourse" mapperName="CoachCourseDao" domainObjectName="CoachCourse"
    enableDeleteByExample="false"
    enableUpdateByExample="false"
    enableSelectByExample="false"
    enableCountByExample="false"
    selectByExampleQueryId="false" ></table>
        <!-- 圈子信息表 -->
    <table tableName="circle" mapperName="CircleDao" domainObjectName="Circle"
    enableDeleteByExample="false"
    enableUpdateByExample="false"
    enableSelectByExample="false"
    enableCountByExample="false"
    selectByExampleQueryId="false" ></table>
        <!-- 场馆课程表 -->
    <table tableName="gymCourse" mapperName="GymCourseDao" domainObjectName="GymCourse"
    enableDeleteByExample="false"
    enableUpdateByExample="false"
    enableSelectByExample="false"
    enableCountByExample="false"
    selectByExampleQueryId="false" ></table>
        <!-- 场馆图片表 -->
    <table tableName="gymPhoto" mapperName="GymPhotoDao" domainObjectName="GymPhoto"
    enableDeleteByExample="false"
    enableUpdateByExample="false"
    enableSelectByExample="false"
    enableCountByExample="false"
    selectByExampleQueryId="false" ></table>
    <!-- 消息表 -->
    <table tableName="message" mapperName="MessageDao" domainObjectName="Message"
    enableDeleteByExample="false"
    enableUpdateByExample="false"
    enableSelectByExample="false"
    enableCountByExample="false"
    selectByExampleQueryId="false" ></table>
    
        <!-- 订单表 -->
    <table tableName="orderList" mapperName="OrderListDao" domainObjectName="OrderList"
    enableDeleteByExample="false"
    enableUpdateByExample="false"
    enableSelectByExample="false"
    enableCountByExample="false"
    selectByExampleQueryId="false" ></table>
        <!-- 订单状态表 -->
    <table tableName="state" mapperName="StateDao" domainObjectName="State"
    enableDeleteByExample="false"
    enableUpdateByExample="false"
    enableSelectByExample="false"
    enableCountByExample="false"
    selectByExampleQueryId="false" ></table>
        <!-- 关注表 -->
    <table tableName="fouces" mapperName="FoucesDao" domainObjectName="Fouces"
    enableDeleteByExample="false"
    enableUpdateByExample="false"
    enableSelectByExample="false"
    enableCountByExample="false"
    selectByExampleQueryId="false" ></table>
    
  </context>
</generatorConfiguration>